<?xml version="1.0" encoding="UTF-8"?>
<project-private xmlns="http://www.netbeans.org/ns/project-private/1">
    <editor-bookmarks xmlns="http://www.netbeans.org/ns/editor-bookmarks/2" lastBookmarkId="0"/>
    <open-files xmlns="http://www.netbeans.org/ns/projectui-open-files/2">
        <group>
            <file>file:/C:/Users/justi/Desktop/Programming/Java/VisitorManagementSystem/src/visitormanagementsystem/VisitorInformation.java</file>
            <file>file:/C:/Users/justi/Desktop/Programming/Java/VisitorManagementSystem/src/visitormanagementsystem/Login.java</file>
            <file>file:/C:/Users/justi/Desktop/Programming/Java/VisitorManagementSystem/src/visitormanagementsystem/ElderlyInformation.java</file>
            <file>file:/C:/Users/justi/Desktop/Programming/Java/VisitorManagementSystem/src/visitormanagementsystem/VisitorDetails.java</file>
            <file>file:/C:/Users/justi/Desktop/Programming/Java/VisitorManagementSystem/src/visitormanagementsystem/Dashboard.java</file>
            <file>file:/C:/Users/justi/Desktop/Programming/Java/VisitorManagementSystem/src/visitormanagementsystem/ElderlyDetails.java</file>
        </group>
    </open-files>
</project-private>
